id,name,img,title,subtit,discount,sold,price,Orig,content
1,黑五来袭,img/EveryDayLook/515dfd4c7518745fe4950562beb75ff9cfb8e726.jpg,护肤销量王,狂欢延续 大牌直降,,,,,
2,黑五来袭,img/EveryDayLook/c60cbb92be975123f7877efa977161a53060e1bd.jpg,面膜销量王,畅销面膜 滋润肌肤,,,,,
3,黑五来袭,img/EveryDayLook/407265a447994684242b87a4000af83c3ba2c85b.jpg,彩妆销量王,百变妆容 时尚女王,,,,,
4,黑五来袭,img/EveryDayLook/79d59e194fd1cbe0351e8c5398fa961fce69e09f.jpg,香水销量王,必备斩男香,,,,,
5,雅诗兰黛,img/EveryDayLook/4949a1cdb445c1ca3f75c8b6bb8bff273fa44029.jpg,红石榴能量水 302元包邮包税,,,,,,
6,伊丽莎白.雅顿,img/EveryDayLook/c3989e5fdf309bd73d1ed92d0a3e5be24796ecaf.jpg,明星同款,经典之选,,,,,
7,美宝莲 Maybelline,img/EveryDayLook/f5739ba593fbd7753519b7388aa0d28db6f62e7c.jpg,全方位高质实用 把握属于你的美,闪耀滋养,,,,,
8,好莱坞巨星都爱用,img/EveryDayLook/5637b6b659d68e849ccf83bc6bb54819abcc7c2a.jpg,159元GET玫瑰细胞修护套装,爆红小金笔 39元速囤,,,,,
9,肌肤之钥 光透白隔离乳 30毫升,img/flashsale/51d198024cf1c8d615cd73117e526c42838d6069.jpg,,,9,3,432,481,质感轻透水润，添加了美白成分传明酸，为肌肤美白，同时能遮盖斑点、修饰色斑及其他肌肤瑕疵，帮助提升肌肤的光泽感及柔滑度。
10,迪奥 迪奥小姐花漾淡香氛 100毫升,img/flashsale/2eb9c30fc288c3c27cb049fc957286032699e4dd.jpg,,,7.2,3,739,1030,随意挥洒，恣意灵动，粉色香水散发着馥郁而飘渺的芬芳花香。这款香水诠释着迪奥经典的浪漫主义，体现了女性的恒久优雅魅力。
11,Giorgio Armani 柔亮自然粉底液 #04 #0430毫升,img/flashsale/2b3c27ee1f70da8b0fc892fb82a6ccae00cf3ba1.jpg,,,6.8,1,439,650,Giorgio Armani （阿玛尼）柔亮自然粉底是明星都选用的产品，它完全附着于肌肤之上，并将自己融入肌肤的原色之中，质感幼滑。
12,娇韵诗 「全明星眼霜」焕颜紧致眼霜 15 毫升,img/flashsale/e539d694e089936f63551e285e119bb7fcfc2109.jpg,,,7.4,4,399,536,萃取珍贵植物精华，研制成「尖端植物科研配方」，针对眼角及下眼睑两大「金三角」，有效淡化黑眼圈、消减眼袋、抚平鱼尾纹及提拉眼角。
13,MVSK 24 GOLD SHEEP PLACENTA 24K金羊胎素再生活膚霜 50 克,img/flashsale/21400ddb8b7ddd2304c0c2a35c099abe231c117e.jpg,,,1,9,158,1610,配合”MVSK?黄金羊胎素再生精华”一起使用，为面部肌肤带来无限赋活生机: 激活胶原再生，收细毛孔、回复紧致弹性，提升轮廓。
14,Freeplus 净润洗面霜 100克,img/flashsale/a3175c30982320085958c3da9baf508c7ebcf55c.jpg,,,7.3,5,116,159,质地如丝般柔软，能搓揉出极细致绵密的泡沫，温和轻柔地去除堵塞毛孔内的污垢、多余油脂及表面死皮，配合保湿成分，让肌肤回复洁净舒爽、柔软滋润。
15,瑞士葆丽美 智能活水系列 智能活水生机紧致眼部精华 15毫升,img/flashsale/fe0b666c10fdeed9a5bd8dd2d58475c3c23bfd48.jpg,,,5,1,230,463,以瑞士崭新科技提炼出紫花苜蓿及白羽扇豆萃取物的独特的Eye Regener?生机醒神配方，能改善血液循环，即时淡化黑眼圈，显着撃退眼袋及浮肿。
16,Dr. Jart+ V7多元维他命再生透白系列 V7维生素焕颜亮白霜 50毫升,img/flashsale/d3ecd985919f09f1ca3e04e969d3dbfd7f7e25a4.jpg,,,3.9,0,169,435,蕴含 7 种维生素及白玉成分，有效瞬间亮白肌肤，同时均匀肤色，塑造亮白剔透的肌肤。
17,雅诗兰黛 ANR修护系列 特润修护肌透精华露(小棕瓶) 第六代 50毫升,img/flashsale/fc59de3043ced42c2305eca310f08b2a06392c68.jpg,,,8.6,8,729,850,倡导先净化，再根源修护，彻夜清空累积损伤，从源头突破，强化夜间巅峰修护力。肌肤深透滋润，平滑，抚纹，匀净，透亮。
18,美迪惠尔 高效水润保湿导入面膜 27 毫升 x 10 片,img/flashsale/c85c49bcd06706bc5587fc6f3a544dbd6af7f17d.jpg,,,4.9,2,89,180,缺水、粗糙无光、干燥脱皮、肌肤老化……危“肌”重重，让“Mediheal (美迪惠尔) 高效水润保湿导入面膜”为你重拾自信吧！
